segment_id,label,n_samples,duration_sec,gx_mean,gy_mean,gz_mean,B_mean,gx_std,gy_std,gz_std,B_std,dgx_mean,dgy_mean,dgz_mean,dB_mean,dgx_max_abs,dgy_max_abs,dgz_max_abs,dB_max_abs,gx_range,gy_range,gz_range,B_range,dB_dt_max,dB_dt_min,dB_dt_max_abs,dgx_dt_max_abs,dgy_dt_max_abs,dgz_dt_max_abs,rise_time_B,rise_time_dB,hold_B_mean,hold_B_std,hold_dB_mean,hold_dB_std,B_peak_idx_ratio,dB_peak_idx_ratio,B_zero_cross_rate,B_energy,dB_energy,gx_last,gy_last,gz_last,B_last,dB_last
0,no_contact,60,1.499305009841919,8.737867000000001,-0.006124483333333334,3.787128866666667,9.523485783333333,1.7763568394002505e-15,0.003359405852685197,0.06942591270519162,0.02746547825246062,1.7763568394002505e-15,0.0003865999999999998,-0.03700446666666693,-0.014682716666666096,1.7763568394002505e-15,0.008421916666666668,0.2108003333333337,0.08265849999999908,0.0,0.0168,0.26000000000000023,0.10237300000000005,152.80686322348768,-10.18490938330104,152.80686322348768,0.0,14.073159017375676,392.70898931575834,0.07410979270935059,0.07410979270935059,9.522650375,0.027265491246281272,-0.01551812499999953,0.027265491246281272,0.3220338983050847,0.4915254237288136,0.423728813559322,90.69753581784775,0.0009699346643499816,8.737867,-0.005067,3.864533,9.554316,0.016147500000000647
1,no_contact,48,1.1949279308319092,8.737867,-0.0055888541666666664,3.8298666041666665,9.540443291666667,0.0,0.003736104862183694,0.04646314027033488,0.01854322463075385,0.0,-0.000907409722222223,0.0026962708333335508,0.0010606250000000743,0.0,0.011318555555555557,0.1162373333333333,0.04615566666666737,0.0,0.017867,0.15893400000000035,0.06324600000000125,221.181001620915,-2.352335212977754,221.181001620915,0.0,49.344752941176466,551.9279150849671,0.6598198413848877,0.6598198413848877,9.539224368421051,0.020979120791397785,-0.00015829824561386374,0.020979120791397785,0.5957446808510638,0.6808510638297872,0.2553191489361702,91.0204020526872,0.00034497610509722144,8.737867,-0.003467,3.856,9.550868,0.011485333333332903
2,no_contact,60,1.5138118267059326,8.737867000000001,-0.00417775,3.819382216666667,9.536300950000001,1.7763568394002505e-15,0.003588839778280255,0.05973333283828822,0.023752658411516102,1.7763568394002505e-15,0.0006889166666666666,-0.01966228333333287,-0.007792800000000147,1.7763568394002505e-15,0.010199666666666666,0.20331149999999942,0.08000775000000004,0.0,0.017866,0.2397339999999999,0.0946599999999993,77.865004377034,-85.05493600563231,85.05493600563231,0.0,5.453049620801733,212.51927375087985,0.676628828048706,0.676628828048706,9.53359925,0.027062520606997497,-0.010494500000000295,0.027062520606997494,0.4576271186440678,0.3389830508474576,0.3220338983050847,90.94159999775252,0.0006249165134541691,8.737867,-0.002933,3.78,9.520438,-0.023655749999999642
3,no_contact,74,1.8574740886688232,8.737867,-0.005981972972972973,3.7995674729729734,9.528424689189189,0.0,0.004319749398302453,0.06702414472638439,0.026534262446232748,1.7763568394002505e-15,0.00047516988416988347,0.0221961158301159,0.008672903474903187,1.7763568394002505e-15,0.013009857142857146,0.24457135714285716,0.09473178571428598,0.0,0.020800000000000003,0.3408000000000002,0.1329709999999995,46.49299368210305,-33.54272424284768,46.49299368210305,0.0,22.60908337021277,115.83811988986245,0.0,0.0,9.530423103448276,0.025385703383984517,0.010671317733989875,0.025385703383984517,1.0,0.0684931506849315,0.3424657534246575,90.79158112463367,0.0007792863382505453,8.737867,-0.0096,3.8736,9.557991,0.03823921428571353
4,no_contact,72,1.8168339729309082,8.737867,-0.004970388888888889,3.8185333611111116,9.535926111111111,0.0,0.003877720763668737,0.052645878035677,0.021001048613075664,1.7763568394002505e-15,-0.00030374603174603096,-0.023904781746032763,-0.009567960317458348,1.7763568394002505e-15,0.009200357142857142,0.14483814285714391,0.05746707142856877,0.0,0.0176,0.18026700000000018,0.0716909999999995,64.75829781922242,-82.09080288804336,82.09080288804336,0.0,6.376211365803108,207.85283957958868,0.0742032527923584,0.0742032527923584,9.533299689655172,0.0175121763729549,-0.012194381773397026,0.0175121763729549,0.08450704225352113,0.8450704225352113,0.323943661971831,90.93432784061353,0.0005325899074852249,8.737867,-0.000533,3.8728,9.557662,0.01216792857143112
5,no_contact,47,1.1883950233459473,5.189253893617022,-0.011688,-0.9797276808510637,5.282847723404256,0.6335280104070106,0.004740134839629812,0.038308782496249506,0.618649143226086,0.4277427825059094,-0.00010277777777777755,0.0397390969267141,0.4105222789598114,1.7368888888888883,0.013481777777777777,0.12106677777777797,1.6914015555555562,2.9045330000000003,0.021599999999999998,0.14400000000000002,2.822541,254.46008279617266,-1248.8140381368858,1248.8140381368858,1273.6407727919157,19.522683707854846,93.92649884169883,1.1424560546875,1.1424560546875,5.363348611111111,0.47403824708785525,0.49102316666666723,0.4740382470878552,0.9782608695652174,0.9782608695652174,0.30434782608695654,28.29120683109189,0.5512553039367277,5.864,-0.007467,-0.922667,5.936149,1.0638235555555564
6,no_contact,87,2.202117919921875,5.916478172413793,-0.010706459770114942,-0.7433195862068965,5.964076850574714,0.7176117664718383,0.008426158638300542,0.038345453450930926,0.709681113125207,0.30317611359026486,8.548140635564656e-05,0.05100200202839764,0.2939648505747131,1.9458979411764714,0.06574105882352942,0.17005458823529418,1.9148250000000004,3.4832,0.07706600000000001,0.18506599999999995,3.4381830000000004,1888.7788293979727,-820.7828084536561,1888.7788293979727,1909.1569727633319,15.309127583887369,81.0669187044167,2.202117919921875,2.202117919921875,5.883088529411764,0.7253913478163209,0.21297652941176512,0.7253913478163209,1.0,1.0,0.3023255813953488,36.07385996188782,0.5900626157000461,7.5592,-0.006933,-0.624267,7.584937,1.9148250000000004
7,no_contact,48,1.1918272972106934,8.737867,-0.7804000208333334,6.122899979166665,10.705925958333333,0.0,0.23727999353414114,0.40431927117458233,0.22842068584521463,0.0,0.12727397916666675,0.18728520138888918,0.0973798472222231,0.0,0.7087410000000001,0.9254522222222228,0.5449128888888897,0.0,1.194934,1.6333340000000005,0.9249100000000006,702.9034989124405,-31.810982926957713,702.9034989124405,0.0,767.4077676779739,1126.8567889400924,0.6882190704345703,0.6882190704345703,10.704578368421053,0.25212289342870914,0.09603225730994232,0.25212289342870914,0.6808510638297872,0.6808510638297872,0.23404255319148937,114.6690266350375,0.06165884436702176,8.737867,-0.441333,6.637866,10.982093,0.37354688888889065
8,no_contact,52,1.2938461303710938,8.737867,-0.6184153461538462,7.300794769230768,11.40902173076923,0.0,0.24520982940055525,0.3452367890787543,0.21886860196413546,1.7763568394002505e-15,0.18643795384615375,0.23314166923076984,0.13726633076923075,1.7763568394002505e-15,0.6269862999999999,0.9264799000000004,0.5756905999999997,0.0,1.026133,1.4664000000000001,0.9225359999999991,271.6090008950392,-664.9016182180369,664.9016182180369,0.0,540.2357018384403,1005.5773276339158,0.2808389663696289,0.2808389663696289,11.407424476190474,0.20611541593985383,0.1356690761904761,0.20611541593985386,0.2549019607843137,0.2549019607843137,0.29411764705882354,130.21368031809027,0.06674551048858303,8.737867,-0.4464,7.480533,11.511211,0.23945559999999944
9,no_contact,49,1.2265229225158691,8.737867,-0.41073744897959186,4.890737428571429,10.025821673469387,0.0,0.2750793769760894,0.06414067026084305,0.03194687424739847,0.0,-0.2791522267573696,0.021374428571428704,0.020466117913832783,0.0,0.9732147777777778,0.2690969999999995,0.12328355555555426,0.0,1.099467,0.3549339999999992,0.19018699999999988,43.513100320859564,-75.44378490879535,75.44378490879535,0.0,2031.1571431423995,100.35177609506846,0.5258901119232178,0.5258901119232178,10.032570799999998,0.023578031693930808,0.027215244444444942,0.023578031693930808,0.4375,0.08333333333333333,0.2916666666666667,100.51812083098268,0.001439464756641999,8.737867,-0.471467,4.916266,10.037045,0.03168944444444577
10,no_contact,76,1.8928828239440918,8.737867000000001,-0.346424552631579,4.877301763157895,10.014327013157894,1.7763568394002505e-15,0.15995838776368607,0.060104841247971906,0.029238593886061617,1.7763568394002505e-15,-0.06450448596491225,0.022066163157894423,0.013003413157895608,1.7763568394002505e-15,0.5268799333333333,0.22830260000000013,0.11067659999999968,0.0,0.7607999999999999,0.3058670000000001,0.1528369999999999,9.071873651613151,-142.08242009936535,142.08242009936535,0.0,801.6314824520122,311.17330023562806,0.4055778980255127,0.4055778980255127,10.01923422580645,0.02298274621524095,0.01791062580645253,0.02298274621524095,0.48,0.12,0.28,100.28760042183637,0.0010239841261889724,8.737867,-0.288533,4.82,9.983284,-0.018039599999999822
11,no_contact,68,1.7200078964233398,8.737867000000003,-0.2469959852941176,4.8938352499999995,10.019347514705881,3.552713678800501e-15,0.15522977300682297,0.054340300323753594,0.025973086185224068,1.7763568394002505e-15,0.06994747624434389,0.05471740384615441,0.02513151470588436,1.7763568394002505e-15,0.3326565384615384,0.22445184615384584,0.11123399999999783,0.0,0.645067,0.32480000000000064,0.1591819999999995,9.986438095238018,-40.338457508896155,40.338457508896155,0.0,111.21777623502824,79.89114937264837,0.40943193435668945,0.40943193435668945,10.023632333333332,0.01600203906219927,0.029416333333335355,0.016002039062199266,0.2537313432835821,0.08955223880597014,0.16417910447761194,100.38799922164893,0.0013061942373971591,8.737867,-0.036533,4.933067,10.034281,0.040065000000002016
12,no_contact,60,1.4945530891418457,8.737867000000001,-3.0465422000000006,8.57138715,12.61352815,1.7763568394002505e-15,0.02659093928063968,0.0014760248284385194,0.005417502994384599,1.7763568394002505e-15,-0.01736444999999944,-0.00094651666666552,0.0035383166666683214,1.7763568394002505e-15,0.06442224999999935,0.00353366666666588,0.013203166666668764,0.0,0.1008,0.00560000000000116,0.020515000000001393,3.862366858188128,-2.125899319291932,3.862366858188128,0.0,18.930010642269277,1.0226733906693886,0.65299391746521,0.65299391746521,12.615483500000002,0.004797180039703884,0.005493666666668284,0.004797180039703884,0.6440677966101694,0.6440677966101694,0.22033898305084745,159.10112174018113,4.186902352778891e-05,8.737867,-3.025067,8.572534,12.609111,-0.0008788333333313858
13,no_contact,67,1.6875009536743164,8.737867000000001,-3.186682626865671,8.563729835820894,12.643076402985074,1.7763568394002505e-15,0.06968850443090305,0.0037968650878629395,0.014850792612707987,1.7763568394002505e-15,-0.028385165327209843,-0.0015424718714119564,0.006172326061999221,1.7763568394002505e-15,0.16789746153846163,0.00912769230769328,0.03479507692307493,0.0,0.29706699999999975,0.01626599999999989,0.06277899999999903,134.1281699074757,-6.711911902200512,134.1281699074757,0.0,634.869854747331,33.83056945195985,0.6633760929107666,0.6633760929107666,12.64514276923077,0.01396849683644683,0.008238692307693841,0.01396849683644683,0.6818181818181818,0.22727272727272727,0.3181818181818182,159.8476014777592,0.0002586436502412969,8.737867,-3.2464,8.560534,12.655915,0.01901092307692487
14,no_contact,69,1.7275550365447998,8.737867000000003,-3.230137217391305,8.561356913043479,12.65249666666667,3.552713678800501e-15,0.07040838299477023,0.003846701179381149,0.015369900546260263,1.7763568394002505e-15,0.00036539799331133173,2.329765886277213e-05,-5.6102564101367776e-05,1.7763568394002505e-15,0.2179696153846158,0.012000384615383553,0.04589776923076805,0.0,0.3909340000000001,0.02133399999999952,0.08470499999999959,88.57916609730039,-31.16856838898721,88.57916609730039,0.0,401.616753667954,21.593378199222695,1.474959135055542,1.474959135055542,12.652045892857146,0.010806462108847127,-0.0005068763736252155,0.010806462108847129,0.9264705882352942,0.75,0.47058823529411764,160.0859081338539,0.00023623699029963021,8.737867,-3.1456,8.565867,12.634049,-0.018503769230768796
15,no_contact,81,2.0468201637268066,8.737867,-3.302936617283951,8.557353469135803,12.668778938271606,0.0,0.10218831072632743,0.005573455492384518,0.022802332466433595,0.0,0.011963382716049121,0.0006531566358039277,-0.002510936728394365,0.0,0.2279669999999996,0.012366687500001916,0.04954687499999899,0.0,0.39306699999999983,0.02133300000000027,0.0874839999999999,53.471528921934144,-2.2626719240829076,53.471528921934144,0.0,231.80351191078103,12.473766542749555,0.33179330825805664,0.33179330825805664,12.6661041875,0.026097435056482845,-0.005185687499999203,0.026097435056482845,0.1875,0.575,0.3875,160.49847973316014,0.0005262511691637715,8.737867,-3.361867,8.554134,12.681706,0.010416125000000775
16,no_contact,60,1.5042109489440918,8.737867000000001,-1.4527733333333335,0.6159867000000002,8.88425365,1.7763568394002505e-15,0.30172154546632707,0.029383696024779908,0.04738165024205934,1.7763568394002505e-15,-0.011262333333333348,0.0028979500000000436,0.0038645666666675166,1.7763568394002505e-15,0.7112890000000001,0.08077825000000005,0.13607891666666738,0.0,1.336267,0.135467,0.21734299999999962,108.50690465556458,-237.11396282014627,237.11396282014627,0.0,1665.651660431655,46.463846706586764,1.144273042678833,1.144273042678833,8.881094833333334,0.04430413677418353,0.0007057500000008007,0.04430413677418353,0.7796610169491526,0.7796610169491526,0.423728813559322,78.93220793831799,0.0022599556551819596,8.737867,-1.9256,0.586933,8.966758,0.08636891666666813
17,no_contact,77,1.9318840503692627,8.737867000000003,-1.3691221168831171,0.6115117012987014,8.871331077922077,3.552713678800501e-15,0.3223549420004744,0.02213364066981272,0.05145002690488524,1.7763568394002505e-15,0.02353568311688295,-0.00016816536796532494,-0.0006365887445885849,1.7763568394002505e-15,0.8284092000000003,0.05567986666666658,0.1656483333333334,0.0,1.5152,0.09413299999999991,0.24740699999999904,260.0848136827607,-17.846555881187466,260.0848136827607,0.0,1519.2129744713366,149.60574777070048,0.9753327369689941,0.9753327369689941,8.886868099999997,0.05290212259342734,0.014900433333333397,0.052902122593427324,0.5131578947368421,0.5131578947368421,0.27631578947368424,78.70316219937462,0.002647510513743152,8.737867,-0.854933,0.650133,8.80363,-0.06833766666666641
18,no_contact,62,1.558021068572998,8.737867000000003,-1.1773590967741934,0.6368644838709678,8.844917080645162,3.552713678800501e-15,0.30268023000038735,0.01861342860266518,0.038650201419705536,1.7763568394002505e-15,0.10177406989247298,0.003931067204301056,-0.013743336021504796,1.7763568394002505e-15,0.7751331666666665,0.04013358333333328,0.08055141666666543,0.0,1.260533,0.07493399999999995,0.15627799999999858,16.47686133543708,-67.45193923990105,67.45193923990105,0.0,516.5656692189526,25.103066334164495,1.1555368900299072,1.1555368900299072,8.831147,0.033537362189653176,-0.027513416666666117,0.033537362189653176,0.7377049180327869,0.5245901639344263,0.29508196721311475,78.23405200155831,0.0016827173547837994,8.737867,-1.067467,0.643733,8.826335,-0.032325416666665774
19,no_contact,83,2.0806620121002197,8.737867,-0.9250826987951807,2.2652305180722894,9.077180759036144,0.0,0.2398226369265488,0.028273857223979234,0.021730625200499457,0.0,-0.032916011295180785,-0.004286106927710907,0.0018451340361435847,0.0,0.7249003125000001,0.1039166250000001,0.0863423749999992,0.0,1.197067,0.19093300000000024,0.11886800000000086,64.73933526756198,-80.72002612542416,80.72002612542416,0.0,1268.33457331813,222.54919633295222,1.650691032409668,1.650691032409668,9.074646911764706,0.01710611007517425,-0.0006887132352950164,0.01710611007517425,0.8414634146341463,0.8414634146341463,0.3902439024390244,82.39568275228761,0.0004756245912159175,8.737867,-0.717333,2.343733,9.075129,-0.00020662500000057094
20,no_contact,84,2.1045172214508057,8.737867000000001,-0.9680761785714286,2.267796833333333,9.083932166666667,1.7763568394002505e-15,0.2962862733037393,0.02547595794910574,0.03170647694302985,0.0,-0.07660949107142855,-0.009886416666666628,0.008664604166667896,0.0,1.0050663125,0.08728325000000003,0.13881243750000039,0.0,1.468,0.15359999999999996,0.1741779999999995,100.85520876580507,-88.27951596281522,100.85520876580507,0.0,901.9899992775437,59.25811677784443,2.031825065612793,2.031825065612793,9.07604203030303,0.02468035011230081,0.0007744678030314285,0.02468035011230081,0.9759036144578314,0.9759036144578314,0.3132530120481928,82.5188289092815,0.001080376045503922,8.737867,-0.922933,2.2784,9.077072,0.0018044375000005886
21,no_contact,68,1.6896140575408936,8.737867000000003,-1.0674039852941177,2.2603372500000005,9.093080411764706,3.552713678800501e-15,0.2923293406180118,0.029410576480626737,0.031736038348167094,1.7763568394002505e-15,0.004883168552036153,0.00039871153846153285,0.0025323348416299313,1.7763568394002505e-15,0.7733541538461538,0.07673853846153866,0.11178792307692476,0.0,1.546134,0.1312000000000002,0.159987000000001,171.92288015648032,-37.00169558505138,171.92288015648032,0.0,1520.478783843521,113.87916660363702,0.30234503746032715,0.30234503746032715,9.09479425925926,0.030112420948459735,0.004246182336183285,0.030112420948459735,0.31343283582089554,0.31343283582089554,0.34328358208955223,82.68511855094904,0.0010135888497864653,8.737867,-1.2544,2.3144,9.125803,0.03525492307692346
22,no_contact,63,1.5879530906677246,8.737867000000005,-0.009189492063492065,3.998040222222222,9.609284111111114,5.329070518200751e-15,0.003210491135216245,0.06595524185347679,0.027324343590257517,1.7763568394002505e-15,0.0016105912698412695,-0.015893111111110917,-0.006560722222222885,1.7763568394002505e-15,0.009200083333333333,0.18860033333333304,0.07730783333333413,0.0,0.013333,0.25226700000000024,0.10393099999999933,128.8122574153532,-89.98114460815337,128.8122574153532,0.0,2.464519427102461,310.4680540925266,0.0,0.0,9.621212961538461,0.01908712655063757,0.005368128205127631,0.01908712655063757,0.0,0.9193548387096774,0.3387096774193548,92.3390877478051,0.0007896628287156161,8.737867,-0.004,3.9048,9.570673,-0.04517183333333463
23,no_contact,61,1.5280659198760986,8.737867000000003,-0.008135524590163935,3.991855655737705,9.606665704918031,3.552713678800501e-15,0.003197746873826547,0.05721948294266337,0.023592218345681374,1.7763568394002505e-15,-0.0004466912568306012,0.0008335724043712788,0.0004014549180357818,1.7763568394002505e-15,0.008221833333333333,0.20862208333333365,0.08486824999999776,0.0,0.016,0.2722660000000001,0.11139600000000094,11.77199659250557,-90.39456684650897,90.39456684650897,0.0,32.60378962998215,217.8428832744194,0.07766199111938477,0.07766199111938477,9.597048749999999,0.028009482085313592,-0.009215499999997009,0.028009482085313592,0.16666666666666666,0.4,0.21666666666666667,92.28858255881472,0.00055675393252152,8.737867,-0.006933,4.032533,9.623497,0.01723275000000335
24,no_contact,74,1.863346815109253,8.737867,-0.007099135135135137,3.9570990405405397,9.59236177027027,0.0,0.0031784243432969772,0.0726082119427643,0.029671240676082816,1.7763568394002505e-15,0.00013900772200772267,-0.018862888030887967,-0.007821801158301214,1.7763568394002505e-15,0.007771142857142858,0.2911619285714284,0.11714257142857143,0.0,0.014933,0.3437330000000003,0.13877899999999954,95.4851247573645,-3.93810939241696,95.4851247573645,0.0,6.010333248868779,232.16766815147326,0.27608394622802734,0.27608394622802734,9.595842137931033,0.02061300301654955,-0.00434143349753699,0.02061300301654955,0.1506849315068493,0.7123287671232876,0.3835616438356164,92.01428471426584,0.0009415630966180337,8.737867,-0.0048,4.0048,9.611907,0.01172342857142894
25,no_contact,62,1.5584900379180908,8.737867000000003,-0.007466645161290324,3.917152725806451,9.575940387096775,3.552713678800501e-15,0.0029825682432598915,0.0706588116170552,0.02877646572952306,1.7763568394002505e-15,0.00022227150537634346,0.028730559139785096,0.01167455376344062,1.7763568394002505e-15,0.007155916666666666,0.13802216666666656,0.05553783333333406,0.0,0.013866999999999999,0.25706700000000016,0.10429200000000094,89.88223949934428,-160.61876774110712,160.61876774110712,0.0,13.1242889178618,389.7173532168275,0.18003082275390625,0.18003082275390625,9.58429444,0.02874592892787438,0.02002860666666642,0.02874592892787438,0.47540983606557374,0.0,0.32786885245901637,91.69946238221102,0.0009643801854578804,8.737867,-0.010133,3.8112,9.532873,-0.031392833333333314
26,no_contact,49,1.203362226486206,8.737867,-0.006612244897959184,3.6046693877551017,9.452414142857142,0.0,0.0032455743841240388,0.06924477795703465,0.026001770424809206,0.0,0.00055819954648526,-0.035360278911564465,-0.013381301587302788,0.0,0.006696555555555557,0.30509666666666657,0.1131434444444448,0.0,0.013334,0.33946699999999996,0.12636000000000003,21.62564453127656,-92.94553917056373,92.94553917056373,0.0,7.603478153202613,243.80096987402757,0.07174491882324219,0.07174491882324219,9.4426291,0.03388503176610555,-0.023166344444445652,0.03388503176610554,0.10416666666666667,0.5208333333333334,0.4166666666666667,89.34880922015097,0.0008551512973948348,8.737867,-0.010133,3.5624,9.43616,-0.029635444444446435
27,no_contact,65,1.6309089660644531,8.737867,-0.006867738461538461,3.5377682153846153,9.426998046153848,0.0,0.0034482048273844802,0.04954209772071617,0.018542023619900285,1.7763568394002505e-15,0.0018706461538461551,0.005993907692308216,0.0022635076923086,1.7763568394002505e-15,0.010605384615384617,0.11310730769230704,0.04189653846153796,0.0,0.018934,0.1869329999999998,0.06971300000000014,14.60304637687939,-26.024817459201813,26.024817459201813,0.0,26.8435456,69.79321855999828,0.0,0.0,9.427212923076922,0.021554133802917666,0.0024783846153855374,0.021554133802917666,0.34375,0.453125,0.359375,88.86863596882837,0.0003489301069940803,8.737867,-0.004,3.518933,9.419832,-0.004902538461537986
28,no_contact,80,2.0162038803100586,8.737866999999998,-0.005469937499999999,3.5174567124999996,9.41938875,1.7763568394002505e-15,0.0035767256022224783,0.048368992959124585,0.017839422555466854,0.0,-0.00015324999999999977,-0.0016600375000002776,-0.0006653749999999458,0.0,0.0106833125,0.18364975000000028,0.06720712499999948,0.0,0.017333,0.221333,0.08119499999999924,3.476375261246178,-166.66332101150246,166.66332101150246,0.0,9.088416034669557,460.9877568735651,0.0,0.0,9.41800821875,0.01788740450487157,-0.0020459062499999514,0.01788740450487157,0.05063291139240506,0.21518987341772153,0.22784810126582278,88.72520266862368,0.0003186877210031245,8.737867,-0.005333,3.540533,9.427923,0.007868874999999775
29,touch,90,2.2479710578918457,8.534154388888888,-0.0062281555555555555,3.3127436777777786,9.157597855555554,1.0060540766828117,0.00398879398624338,0.4159409275249933,1.0628594324585978,-0.2037126111111111,-0.0009837111111111118,-0.11122665555555579,-0.22728558888888856,6.911467,0.014222555555555558,2.0429033333333333,7.095023444444444,6.911467,0.022934000000000003,2.0986659999999997,7.1154,106.24840571894865,-228.54326903643977,228.54326903643977,237.97423377267793,14.29064395229983,50.41328268141757,0.7618601322174072,0.7618601322174072,8.799983714285714,1.6416442556918975,-0.58489973015873,1.6416442556918975,0.6404494382022472,0.5393258426966292,0.3146067415730337,84.99126865724193,1.1813289120827815,8.737867,-0.0064,3.404533,9.377697,-0.007186444444444717
30,touch,95,2.382349729537964,8.426462063157896,-0.006680715789473683,3.269207063157895,9.039261242105262,1.0459327607945765,0.0036287196369291057,0.3809965771837634,1.106311153660942,-0.31140493684210524,-0.0002666631578947362,-0.14835088421052625,-0.34333591578947464,4.3274669999999995,0.01038594736842105,1.546890947368421,4.591863157894738,4.3274669999999995,0.0184,1.5986659999999997,4.610688000000001,1027.225379446156,-83.64842542251021,1027.225379446156,982.2549123282042,11.110739072847682,314.0350687179488,1.747255802154541,1.747255802154541,8.531087,1.6213226758398607,-0.8515101578947379,1.6213226758398607,0.7978723404255319,0.6702127659574468,0.22340425531914893,82.93216817174098,1.3418039197856018,8.737867,-0.012,3.453333,9.39553,0.01293284210526302
31,touch,107,2.7005321979522705,8.737867,-0.004585672897196262,3.3418691308411215,9.356719915887851,0.0,0.0029287835718538107,0.1828615575582716,0.060569322614380354,1.7763568394002505e-15,-0.0008777681352914997,-0.05006729773030737,-0.016539893635960055,1.7763568394002505e-15,0.00882509523809524,0.8194034285714289,0.2645648095238098,0.0,0.013866,0.8981340000000002,0.293213999999999,112.71672902970141,-18.05612636714543,112.71672902970141,0.0,14.24816645435244,324.1937443485147,1.5651741027832031,1.5651741027832031,9.332489190476188,0.08805148294855637,-0.040770619047619965,0.08805148294855634,0.5849056603773585,0.5377358490566038,0.2830188679245283,87.55187622721432,0.0039422109234537595,8.737867,-0.004,3.358933,9.361238,-0.01202180952381049
32,touch,123,3.084275007247925,8.343100577235772,-0.013263943089430894,3.4123122032520325,9.042548861788616,1.6765321840611682,0.003742120064080916,0.40524434734305087,1.5680193980142325,-0.39476642276422763,0.001136015243902438,-0.059787880081300336,-0.36004913821138146,9.199734,0.009866958333333332,2.176367083333333,8.09569,9.199734,0.016800000000000002,2.369867,8.168693,9464.265351981525,-230.98545604485238,9464.265351981525,9877.118540859121,52.382581774104686,1665.4510813117786,2.0069520473480225,2.0069520473480225,9.41298346,0.02913123589085089,0.010385460000000606,0.02913123589085089,0.8524590163934426,0.7377049180327869,0.20491803278688525,84.22637475038353,2.588320214475674,8.737867,-0.021333,3.615733,9.456442,0.05384399999999978
33,touch,93,2.342358112335205,8.359613204301077,-0.017711817204301077,3.3813677419354837,9.03273111827957,1.531444658833834,0.031180191529668336,0.5162393256958037,1.5295950431933174,-0.3782537956989247,-0.00507487275985663,-0.2028693136200717,-0.4117915483870961,8.520534,0.21483005555555557,2.3119700555555553,8.075559666666667,8.520534,0.225334,2.442933,8.125941999999998,133.4875917638402,-3061.026898938543,3061.026898938543,3228.2984244291297,20.397831003039524,528.6480363769015,2.256861925125122,2.256861925125122,8.425517815789473,2.2587727984960613,-1.0190048508771923,2.2587727984960617,0.9891304347826086,0.532608695652174,0.2391304347826087,83.92989245129766,2.5092332754846094,8.737867,-0.010933,3.6424,9.466653,0.022130333333334917
34,touch,95,2.377195119857788,8.28608030526316,-0.012892621052631576,3.2940828,8.933885336842105,1.533185855249348,0.004259719524196392,0.9349603883531009,1.7090330595446477,-0.45178669473684213,0.000552957894736844,-0.33871720000000016,-0.5291173473684226,7.4616,0.012912578947368423,4.107467,8.101272684210528,7.4616,0.023467000000000002,4.1704,8.125567,198.21349892237512,-271.0496132325006,271.0496132325006,263.54405860679043,17.03521360984183,815.012886982544,2.1338741779327393,2.1338741779327393,8.140688026315791,2.500587663485941,-1.3223146578947382,2.500587663485941,0.9574468085106383,0.574468085106383,0.2872340425531915,82.73510121045892,3.200759165902734,8.737867,-0.016,3.692,9.485855,0.02285231578947311
35,touch,104,2.6207218170166016,8.737866999999998,-0.38470253846153846,2.283961576923077,9.047730230769229,1.7763568394002505e-15,0.29187870924972753,0.2572509131839848,0.06887782079819521,1.7763568394002505e-15,0.1473374615384615,0.1428549769230773,0.0325615307692323,1.7763568394002505e-15,0.823427,1.1700934000000003,0.32905730000000233,0.0,1.347467,1.2530669999999997,0.34669300000000014,12.7359538791338,-345.1067685473938,345.1067685473938,0.0,729.8236013899493,1280.323646025799,0.9135940074920654,0.9135940074920654,9.084633731707315,0.09759809420271076,0.0694650317073187,0.09759809420271075,0.5339805825242718,0.5339805825242718,0.1650485436893204,81.86616648297334,0.005804407483943954,8.737867,-0.399467,2.272267,9.037317,0.022148300000001342
36,touch,118,2.9708709716796875,8.737867,-0.22302593220338984,2.4079728983050854,9.07778411016949,0.0,0.20611748824025095,0.4307860179244563,0.14244483492838902,1.7763568394002505e-15,0.15397115475313186,0.127938115696389,0.0375738492999255,1.7763568394002505e-15,0.45900291304347823,2.027699217391304,0.7018067391304346,0.0,0.832,2.090667,0.7266150000000007,14.267744907728519,-50.97900038585238,50.97900038585238,0.0,221.94858666666667,190.09618409186925,0.0776221752166748,0.0776221752166748,9.143038829787233,0.2090300508250632,0.10282856891766798,0.20903005082506315,0.42735042735042733,0.42735042735042733,0.11965811965811966,82.42645488184348,0.021702325148989513,8.737867,-0.114933,2.2248,9.017387,-0.022823260869566653
37,touch,113,2.8547229766845703,8.737866999999998,-0.2973569115044247,2.364802362831859,9.061141769911504,1.7763568394002505e-15,0.20218082165946114,0.18744168431874722,0.052466581089502994,1.7763568394002505e-15,-0.03605991150442478,0.09335986283185839,0.028332588093324045,1.7763568394002505e-15,0.921636,0.8202905,0.23591181818181894,0.0,1.181066,0.9624000000000001,0.2710669999999986,84.62516440528277,-346.4254982053501,346.4254982053501,0.0,596.2009126343613,1181.1233144592409,0.15538883209228516,0.15538883209228516,9.082248326086953,0.0753756478403349,0.0494391442687762,0.0753756478403349,0.42857142857142855,0.42857142857142855,0.19642857142857142,82.10704291656621,0.0035554776792873603,8.737867,-0.438933,2.3648,9.06285,0.030040818181818807
38,touch,95,2.3783600330352783,8.737867000000001,-0.25453190526315794,2.4530611263157893,9.082786347368422,1.7763568394002505e-15,0.17196309709084456,0.194280974789512,0.05406028742953137,0.0,0.062183936842105304,0.09050665263157869,0.024880505263159273,0.0,0.5451511578947368,0.7697125263157893,0.2244211578947386,0.0,0.855734,1.024,0.2773669999999999,58.17177009230766,-59.43845873972631,59.43845873972631,0.0,380.5563629268293,231.2231069538456,0.45499467849731445,0.45499467849731445,9.09648086842105,0.06419155160642702,0.03857502631579089,0.06419155160642702,0.43617021276595747,0.43617021276595747,0.1595744680851064,82.49993034661914,0.0035415542191136423,8.737867,-0.2584,2.386133,9.061497,0.0035911578947374068
39,touch,109,2.751249074935913,8.737867,-0.45066418348623855,8.086838229357797,11.917900201834863,0.0,0.2712056652912289,0.15203388381171482,0.1033796367674073,1.7763568394002505e-15,0.08986910222804707,-0.1138479134993441,-0.08130403626037253,1.7763568394002505e-15,0.6549332857142856,0.509486142857142,0.3432322380952346,0.0,1.192267,0.6266669999999994,0.42240900000000003,322.05652301897277,-162.33553562047294,322.05652301897277,0.0,1244.240428975404,575.3565250203819,0.1757340431213379,0.1757340431213379,11.890795704545456,0.09695292490842693,-0.10840853354978024,0.09695292490842691,0.06481481481481481,0.2777777777777778,0.10185185185185185,142.0470325701936,0.017297695610389047,8.737867,-0.433867,8.157334,11.961632,-0.03757223809523502
40,touch,107,2.6892569065093994,8.737867,-0.2569445140186916,7.880879962616823,11.77558140186916,0.0,0.23092448004983618,0.3869754619148405,0.2517298328437628,1.7763568394002505e-15,0.18535391455273703,-0.1787901802403194,-0.12195097908322183,1.7763568394002505e-15,0.5046984285714287,1.542070142857142,0.9966383809523816,0.0,1.0088,1.749867,1.1283390000000004,333.9259698264845,-18.69429162624131,333.9259698264845,0.0,1248.213036940439,503.5712025716884,1.3513927459716797,1.3513927459716797,11.614719214285714,0.3319699316391496,-0.28281316666666645,0.3319699316391496,0.5094339622641509,0.42452830188679247,0.24528301886792453,138.7276852607904,0.0782399500429052,8.737867,-0.12,8.080533,11.90209,0.004557619047618644
41,touch,104,2.635679244995117,8.737866999999998,-0.17386925000000003,7.7593335,11.700895115384615,1.7763568394002505e-15,0.20401276811955396,0.666814047955405,0.40388358253179535,1.7763568394002505e-15,0.15478414999999995,-0.15326660000000059,-0.09338428461538702,1.7763568394002505e-15,0.6073466000000001,3.0896671000000007,1.8137474000000022,0.0,0.997333,3.346134,1.9813960000000002,204.13440680398645,-207.28771939481865,207.28771939481865,0.0,1403.5307897933178,410.3028990673567,1.6531567573547363,1.6531567573547363,11.501253707317074,0.5786735128772275,-0.29302569268292916,0.5786735128772275,0.7864077669902912,0.4368932038834951,0.24271844660194175,137.07406844947025,0.17184257285184518,8.737867,-0.011467,8.144268,11.944854,0.150574599999997
42,touch,135,3.4010040760040283,8.397221081481483,-0.03542717037037038,-0.20804934814814818,8.400321940740742,0.41550277471530705,0.04075251926910018,0.07663447780135388,0.415486078855754,-0.10682869629629706,0.009036977777777778,0.06412846666666665,-0.10842120740740806,1.2528497777777785,0.13393585185185186,0.4452448148148148,1.2542421481481485,1.4866669999999997,0.182667,0.47733400000000004,1.4889090000000005,1044.3724946018274,-1992.7056062745098,1992.7056062745098,1995.7228323137251,237.12980831372545,138.91550959282972,0.15187692642211914,0.15187692642211914,8.243143203703704,0.4844176963164078,-0.2655999444444451,0.4844176963164078,0.208955223880597,0.6791044776119403,0.27611940298507465,70.7380373898132,0.18438383993861002,8.737867,-0.009067,-0.172267,8.73957,0.2308268518518517
43,touch,116,2.919283151626587,8.272264689655172,-0.025480439655172413,-0.04131036206896553,8.274456103448275,0.789159514539289,0.035434418010306265,0.16118891924846943,0.7849239412918693,-0.3387849625187403,0.006635560344827577,0.10070702923538234,-0.3379775922038957,3.4811826521739127,0.174284,0.8318843913043479,3.4656626956521714,3.6079999999999997,0.2088,0.8552,3.5947369999999994,1651.6692551389106,-703.8338915635004,1651.6692551389106,1651.6331821568922,214.73504035359113,50.82059293556794,0.28922104835510254,0.28922104835510254,8.00119819148936,1.087191737922743,-0.6112355041628098,1.087191737922743,0.09565217391304348,0.4608695652173913,0.3217391304347826,69.08272940150559,0.7303344464451047,8.480267,-0.0064,-0.085067,8.480696,-0.13173769565217164
44,touch,308,7.7984418869018555,8.57067737012987,-0.3340891850649351,0.8280536688311689,8.77019232142857,0.5601512708664143,0.7237827399125423,1.535426687050459,0.7298567898407025,0.3937066324249515,-0.31035588998296787,0.738772832765595,0.5828632722482441,4.520970737704918,3.3237337049180327,4.860852163934426,4.3928370491803275,5.081866999999999,3.3528,5.029866,6.689779,1263.7303734272002,-879.5891999276001,1263.7303734272002,1264.3343532032013,1159.6934823961965,176.27149762559998,0.27854299545288086,0.27854299545288086,8.655852772357722,0.18209042330236913,0.46852372317739616,0.1820904233023692,0.8110749185667753,0.1498371335504886,0.0781758957654723,77.44896428852125,0.8724205278125059,8.737867,-0.215467,2.641067,9.130825,0.9434959508196723
45,touch,126,3.160508155822754,8.737867000000001,-0.017906880952380952,1.3937841587301585,8.8488995,1.7763568394002505e-15,0.018487609993708718,0.09854370306639738,0.017422837672648593,0.0,-0.0007228809523809509,-0.009607881269841217,-0.0009941800000009531,0.0,0.07081599999999999,0.54887496,0.10342031999999968,0.0,0.08506699999999999,0.6528,0.11934200000000139,10.044524978910257,-1.96003977491397,10.044524978910257,0.0,68.20006504065039,63.63040982442394,0.17614102363586426,0.17614102363586426,8.854289039215686,0.025702429679885296,0.004395359215685311,0.025702429679885296,0.456,0.456,0.2,78.30332591637281,0.0003045436664398651,8.737867,-0.008533,1.352533,8.841931,-0.007962680000000333
46,touch,104,2.635787010192871,8.697443913461536,-0.02043331730769231,1.5294794807692307,8.847519951923077,0.22598934018695815,0.03701664174531826,0.5087900645985265,0.1339978545101189,-0.04042308653845975,-0.003726767307692307,0.17085273076923102,0.004585551923076252,1.8626669999999974,0.22862644999999998,2.2987062500000004,1.0554744000000005,1.8626669999999992,0.2424,2.349866,1.5236349999999996,37.5745742635707,-24.0618850520572,37.5745742635707,44.001583920256515,9.628337813969269,118.28829685106375,0.07767200469970703,0.07767200469970703,8.853574000000002,0.2132502616185739,0.01063959999999937,0.2132502616185739,0.4854368932038835,0.5145631067961165,0.22330097087378642,78.29656472469024,0.01797645229975422,8.737867,-0.0088,1.351467,8.841768,-0.001166400000000678
47,touch,104,2.612882375717163,8.737866999999998,-0.010425644230769231,1.5198051538461537,8.88451401923077,1.7763568394002505e-15,0.005517502892750051,0.5454251730147135,0.15219524270608792,1.7763568394002505e-15,-0.0014122442307692297,0.1811783538461539,0.04468241923076917,1.7763568394002505e-15,0.03498659999999999,2.8451062,0.8479954000000003,0.0,0.0416,2.879466,0.8531480000000009,35.12983110300141,-13.325634266608464,35.12983110300141,0.0,13.078008017817373,107.21208887072346,0.0803370475769043,0.0803370475769043,8.949925024390245,0.22733690724523523,0.11009342439024386,0.22733690724523523,0.46601941747572817,0.46601941747572817,0.1650485436893204,78.95775274981044,0.025159910490679227,8.737867,-0.008,1.328533,8.838291,-0.0015406000000002251
48,touch,112,2.8152220249176025,8.721247946428567,-0.021088080357142856,1.4870190357142856,8.85907417857143,0.12325019995339029,0.022615074308624635,0.4535971741057991,0.10046523365796876,-0.01661905357142679,0.0007907378246753297,0.12783117207792202,0.016058814935063764,0.9306669999999979,0.08772118181818181,2.278945136363636,0.6220076363636355,0.9306669999999997,0.1056,2.3296,0.9639000000000006,62.988024970964055,-875.8144841779499,875.8144841779499,943.7863444796902,49.14461649391617,80.82486757531963,0.14544391632080078,0.14544391632080078,8.884609133333333,0.15497501366042493,0.04159376969696859,0.15497501366042493,0.45045045045045046,0.45045045045045046,0.21621621621621623,78.49328856460498,0.010351148711068887,8.737867,-0.008,1.308533,8.835307,-0.0077083636363646235
49,touch,110,2.7807130813598633,8.737867,-0.31403390000000003,3.589292145454545,9.460598890909091,0.0,0.18112889631073378,0.41160008625687833,0.1767661385058773,1.7763568394002505e-15,0.03899641818181813,0.05178905454545449,0.025363800000000436,1.7763568394002505e-15,0.37790268181818193,1.7728969090909086,0.7897749090909087,0.0,0.7328,2.0418669999999994,0.887573999999999,17.48240946690259,-14.802506414907318,17.48240946690259,0.0,1030.0247432923259,56.34913510954805,0.12703680992126465,0.12703680992126465,9.54561715909091,0.253439328281933,0.11038206818181856,0.25343932828193294,0.5412844036697247,0.5412844036697247,0.14678899082568808,89.53417764239259,0.031889590072719014,8.737867,-0.12,3.2904,9.337635,-0.09760009090908994
50,touch,126,3.1622869968414307,8.737867000000001,-0.32744339682539686,3.5245121666666672,9.440004928571428,1.7763568394002505e-15,0.17509720950892046,0.5084706004088057,0.2350208786989941,0.0,0.13121268317460316,0.13726952666666645,0.05599288857142863,0.0,0.45225607999999995,2.88449036,1.3716839600000004,0.0,0.7856000000000001,3.0162660000000003,1.4195209999999996,19.728677769114135,-71.24452593342244,71.24452593342244,0.0,1045.5684338862688,221.27787589189168,0.10238409042358398,0.10238409042358398,9.529172764705883,0.3505054293179443,0.1451607247058824,0.3505054293179443,0.456,0.456,0.216,89.16892786487733,0.05837001699501971,8.737867,-0.206933,3.335733,9.355226,-0.028786039999999957
51,touch,91,2.3013081550598145,8.737867,-0.2804453956043956,3.6795721538461548,9.52652779120879,0.0,0.1961452934584703,1.004874132885001,0.5115993020996906,0.0,0.1380434377289377,0.31974993162393156,0.1527543467643457,0.0,0.5900441666666666,4.737777777777778,2.5393085555555537,0.0,1.002133,4.876799999999999,2.599824,345.4934249492502,-188.67559064934392,345.4934249492502,0.0,473.6955196568978,851.4527062187284,0.14877700805664062,0.14877700805664062,9.775092861111112,0.7475675909922851,0.4013194166666657,0.7475675909922851,0.4222222222222222,0.4222222222222222,0.14444444444444443,91.01646560258236,0.28506773636429245,8.737867,-0.06,3.347733,9.357417,-0.016356444444445728
52,touch,152,3.85042405128479,8.737867,-2.200124532894737,7.914494953947368,12.007599230263159,0.0,0.5518430893682065,0.36023979831070674,0.28629047635281546,1.7763568394002505e-15,0.4307198671052635,-0.19161221271929754,-0.20337060307017374,1.7763568394002505e-15,2.3977774000000003,2.1837071666666663,1.6525868333333325,0.0,3.007733,2.3018669999999997,1.8325600000000009,502.8068627982355,-318.2183673367908,502.8068627982355,0.0,1943.579080290155,458.7635822091279,0.024528980255126953,0.024528980255126953,11.866267819672132,0.3791142608150321,-0.3447020136612005,0.3791142608150321,0.013245033112582781,0.37748344370860926,0.11258278145695365,144.26440151146673,0.12332183904344815,8.737867,-2.301867,7.802134,11.938266,-0.27270383333333115
53,touch,126,3.1886019706726074,8.737867000000001,-1.8613608650793652,7.150969277777778,11.52680346031746,1.7763568394002505e-15,0.6647429458533809,1.4330170991738642,0.7612961309184326,0.0,0.32784445492063496,-0.6169880822222229,-0.37342937968253903,0.0,2.18413832,6.320490360000001,3.04328484,0.0,3.0688,6.489333,3.1825840000000003,190.98542452164747,-406.9797587032477,406.9797587032477,0.0,1233.5037895470034,778.8085780182905,0.9830937385559082,0.9830937385559082,11.089290823529414,1.045595568530123,-0.8109420164705876,1.045595568530123,0.312,0.464,0.136,133.44676981173794,0.7190213005614613,8.737867,-2.231467,7.648,11.824622,-0.07561083999999951
54,punch,84,2.1133339405059814,7.4992955238095265,-0.9339174642857144,6.242612607142857,9.860945214285714,2.9627465944205285,0.9233843862291824,2.523091078158699,3.852285685623543,-1.2385714761904763,0.9601992857142857,-0.9384539553571427,-1.6133602232142858,9.1464,1.91358375,7.1901335625,11.4688794375,9.1464,2.609334,7.728,11.653573,23480.420405811437,-1628.4687202811135,23480.420405811437,17947.562952605873,423.79712758699804,15202.355329780527,1.4253489971160889,1.4253489971160889,7.266771212121212,5.164987662441551,-4.2075342253787875,5.164987662441551,0.9518072289156626,0.5662650602409639,0.18072289156626506,112.07834552280437,17.443036213510094,8.737867,-0.3584,7.692266,11.646877,0.17257156249999994
55,punch,105,2.651854991912842,7.98779459047619,-0.2530311333333334,6.638361866666667,10.43309818095238,2.2204593811539417,0.3053776191195814,2.2911603686495217,3.0594623879788476,-0.7500724095238078,0.25147681904761915,-0.9795681333333328,-1.1722084857142865,8.587999999999997,0.5063749523809524,7.614196999999999,11.455278666666667,8.588,0.9037339999999999,7.6975999999999996,11.504907999999999,368.4990957507724,-444.1608212976011,444.1608212976011,350.7769546032112,2039.1681888181247,337.7076753727075,0.024703025817871094,0.024703025817871094,8.808530952380954,4.3574972442816575,-2.796775714285715,4.3574972442816575,0.019230769230769232,0.46153846153846156,0.17307692307692307,118.20984775684911,10.734382837437815,8.737867,-0.009333,7.174667,11.306027,-0.29927966666666705
56,punch,90,2.2716517448425293,7.721813622222222,-0.010210355555555556,6.164986666666667,9.973775933333332,2.4293484554737743,0.013095955892574125,2.741162067960018,3.40194658730834,-1.0160533777777776,0.009241533333333338,-1.2020060555555565,-1.4557339000000014,8.3744,0.07654811111111111,7.3635257222222235,11.066018833333334,8.3744,0.097333,8.1512,11.588454,869.4239917096082,-306.88561324832864,869.4239917096082,869.3105514590744,9.552863202846977,930.0538467524842,1.1466889381408691,1.1466889381408691,7.636308057142857,4.498300904803882,-3.7932017761904784,4.498300904803882,0.7415730337078652,0.30337078651685395,0.19101123595505617,111.04944695123805,13.692401770508074,8.737867,-0.003467,7.923733,11.795588,0.36607816666666615
57,punch,99,2.4714291095733643,6.897107333333334,-0.00785448484848485,2.975873373737374,7.600129818181816,3.551438705436942,0.006310337469346878,1.4981279688195415,3.6771108046871084,-1.8407596666666668,0.003991094098883573,-0.3865687315257842,-1.762409181818184,9.569867,0.01877857894736842,3.716842105263158,9.353468000000001,9.569867,0.027465999999999997,4.546666,9.682451,25006.71635043247,-168.04500231191955,25006.71635043247,25712.542280733378,38.353373245626315,6128.556159552135,0.049414873123168945,0.049414873123168945,4.8157043999999996,4.520235014903306,-4.546834600000002,4.520235014903307,0.6122448979591837,0.3979591836734694,0.1326530612244898,71.28311712316305,16.627229994103715,8.737867,-0.0056,3.774667,9.518322,0.15578299999999778
58,punch,117,2.9384992122650146,7.774521085470086,-0.03571511965811965,3.3749105213675215,8.635052239316238,2.6641186519392814,0.18502925813748688,1.4148613789190847,2.530601548811056,-0.963345914529913,-0.02703103270159793,-0.5606024351542185,-0.9483589780750638,9.942933999999997,1.4891829130434784,4.15631295652174,9.308834217391302,9.942934,1.5578670000000001,4.7128,9.550322,208.9257443894611,-19494.895017107046,19494.895017107046,24374.90748958747,47.15511116308943,752.4668985483025,1.635437250137329,1.635437250137329,7.155560130434782,3.560793448332406,-2.4278510869565206,3.560793448332406,0.5603448275862069,0.39655172413793105,0.1810344827586207,80.96807137456531,7.303328950140494,8.737867,-0.002133,3.876,9.558959,-0.02445221739130332
59,punch,95,2.396803855895996,8.221937147368424,-0.037900357894736836,3.445246273684211,8.983770442105266,1.7887759166988844,0.19029384869074217,1.2591450483902702,1.8933181356550266,-0.5159298526315789,-0.0333950947368421,-0.33924498947368403,-0.5388302421052621,8.864799999999999,1.3898947368421053,4.353558263157895,9.399283684210525,8.864799999999999,1.3984,4.7637339999999995,9.569236,2766.2730323543124,-216.10573484315142,2766.2730323543124,2254.560611655012,56.344059305560116,1662.7311183962697,0.05301523208618164,0.05301523208618164,8.090563184210525,2.7616882251835784,-1.4320374999999992,2.761688225183579,0.574468085106383,0.40425531914893614,0.1702127659574468,84.29278491924443,3.874991592607442,8.737867,-0.005067,3.930667,9.581257,0.0586563157894755
60,punch,102,2.575835943222046,7.904392450980394,-0.0477594705882353,2.1006300980392156,8.605415901960784,2.3578421804782614,0.16071732693066834,2.7275842726937447,2.4220095047238877,-0.8334745490196062,-0.0391327705882353,-0.6351833519607843,-0.5508175980392164,9.138933999999997,0.9892403,11.31528045,9.0327345,9.138933999999999,1.0058669999999998,12.334667,12.139477999999999,174.9100838525768,-207.33791598795347,207.33791598795347,192.82219008237732,34.95416897521197,249.96064837075133,0.05265498161315918,0.05265498161315918,7.556674439024389,3.56690975713797,-1.5995590609756105,3.56690975713797,0.5445544554455446,0.6039603960396039,0.10891089108910891,79.91931288669238,6.169530067282543,8.737867,-0.0144,3.5224,9.421137,0.26490349999999907
61,punch,108,2.728449821472168,7.761163231481482,-0.007540722222222222,2.95174075,8.404656388888888,2.3538726037035835,0.0049343291240371255,1.325616127509073,2.3681712698554502,-0.9767037685185168,-0.001674103174603175,-0.6530719642857141,-1.0477305634920644,9.848266999999998,0.015200380952380951,3.6154797142857142,9.365826952380953,9.848267,0.024267,4.113067,9.566427,5729.348218700127,-188.23036743316578,5729.348218700127,6895.427882077792,57.63284385185186,489.9028121352634,1.4950940608978271,1.4950940608978271,6.857619069767441,3.1791666309872046,-2.5947678826135117,3.179166630987204,0.5514018691588785,0.37383177570093457,0.1588785046728972,76.24648417865959,6.705974497044174,8.737867,-0.021067,3.4408,9.390946,-0.06144095238095382
62,punch,104,2.612215995788574,5.777733442307692,-0.009105086538461538,2.5897333173076924,6.464221,3.3630297966126292,0.005537932832729085,1.2161747242207466,3.330455522773626,-2.960133557692305,0.0032948134615384617,-0.7213999826923079,-2.8800341,9.491466999999998,0.0187999,3.3228663000000003,9.3402911,9.491467,0.027733,4.468533000000001,9.551547,2246.753267037975,-2198.9318683959045,2246.753267037975,2523.8613932645517,19.56506823208191,2678.3422470989763,0.0,0.0,3.9141732682926826,3.822160959974944,-5.430081831707318,3.822160959974944,0.6116504854368932,0.49514563106796117,0.1650485436893204,52.87808712601434,19.386530406336156,7.3888,-0.007467,2.926133,7.947118,-1.3971371000000001
63,punch,100,2.5081679821014404,7.210792220000002,-0.00979997,1.56857065,7.492720270000001,2.7616180638076098,0.00609641290342936,0.8760968352107017,2.5902306136652116,-1.5270747799999982,0.004613429999999998,-0.25569599999999976,-1.4335903300000006,9.518933999999998,0.022680399999999996,3.06933365,8.456949600000002,9.518934,0.032799999999999996,3.805067,8.562968000000001,2062.0926467674117,-2038.2868749473685,2062.0926467674117,3380.583729403509,6.123391554006968,436.6008319999999,1.3290717601776123,1.3290717601776123,5.6785008,3.285002540974057,-3.2478098,3.285002540974057,0.7070707070707071,0.3939393939393939,0.21212121212121213,62.85015167643733,8.764475866237968,8.387201,-0.009067,2.164,8.661877,-0.26443360000000027
64,punch,119,3.0003151893615723,7.678938100840338,-0.021736689075630252,2.002989394957983,8.019563260504203,2.515013471187629,0.10489926465842415,0.9814548732388683,2.442270215889009,-1.033352116550967,-0.01042081951041286,-0.11865703982462551,-0.9474306090610151,9.411223217391303,0.7305511304347827,4.742179434782608,8.851510869565217,9.4368,1.113867,5.570933,9.107059000000001,2746.053714164146,-815.5141607467328,2746.053714164146,3095.438660430994,835.903646028625,3519.6996615009334,0.49233388900756836,0.49233388900756836,6.958675666666667,3.396368804127624,-2.00831820289855,3.396368804127624,0.7966101694915254,0.5508474576271186,0.1016949152542373,70.27807869664734,6.862308566404272,8.737867,-0.010933,2.721333,9.151836,0.1848421304347827
65,punch,106,2.6808340549468994,5.215368688679244,-0.00848301886792453,1.9753535094339623,5.699569311320755,3.5347160798733595,0.005773994124571603,1.0033093774405182,3.481085159055612,-3.522498311320753,0.0035042668463611862,-0.590246538185085,-3.40722159344115,9.152799999999997,0.017320285714285715,4.056533047619047,9.104044904761905,9.1528,0.0288,4.246666,9.159372,1079.1400485925928,-3653.4860870795715,3653.4860870795715,3841.5874356295326,13.837900598425197,206.8876285061314,0.0,0.0,2.780053162790698,3.256852517794856,-6.326737741971207,3.256852517794856,0.580952380952381,0.5142857142857142,0.10476190476190476,44.60304421914658,23.72711287140888,8.4864,-0.0016,2.493067,8.84502,-0.2617709047619048
66,punch,120,3.0100669860839844,4.620506691666666,-0.2958089,-2.3967223166666667,5.516867658333334,2.083648481433636,0.8424560693297247,2.6101643148415197,2.9341632972636154,-1.1197711416666665,-0.2839644,-1.3367890250000003,-0.3214158833333335,5.757344833333333,4.904688500000001,7.678200708333334,7.461250458333333,8.754934,4.920266000000001,8.594134,12.323383,1643.094958614474,-5167.560828372471,5167.560828372471,4299.587822795142,953.0061978301366,2868.202621201619,1.0935299396514893,1.0935299396514893,6.96847175,3.9062979238754654,1.1301882083333332,3.9062979238754654,0.46218487394957986,0.46218487394957986,0.15126050420168066,39.045143014573206,8.71262242506784,2.6952,-0.001067,-1.412267,3.042795,-2.795488541666667
67,punch,129,3.25998592376709,3.705800503875969,-0.3531886434108527,-2.3774822248062013,4.643819550387597,1.955426810836008,1.0871471963873525,2.3859465491536818,2.939963402049114,-0.19893541612403082,-0.34355668341085266,-1.0766608248062015,0.5247773903875975,4.833131079999999,6.24743504,7.4373126,9.49441284,8.916534,6.260800000000001,7.562667,11.627587,519.3637963030808,-874.3281685711808,874.3281685711808,1137.3551321782782,202.04404245196903,206.59746464882716,1.0442118644714355,1.0442118644714355,6.494847173076922,3.8443383282261565,2.3758050130769246,3.844338328226157,0.4609375,0.4609375,0.15625,30.208444821950266,8.918776114850218,2.047733,-0.005867,-1.324533,2.438777,-1.6802651599999994
68,punch,118,2.98036527633667,2.6991977542372885,-0.3010259491525424,-1.99157293220339,3.47731663559322,2.144836892802629,0.9715028931489484,2.176142495257418,3.0871759949629647,0.2909891020633749,-0.2988462535003684,-0.7647555408990423,0.7679520268975678,6.329658347826086,5.413287304347826,7.511316608695653,10.782580391304347,8.741334,5.4208,8.748534000000001,12.783049,1584.7875237825056,-246.56636383966054,1584.7875237825056,1808.1680901245074,1661.8840770295787,162.05094494120058,0.05263209342956543,0.05263209342956543,5.209876468085106,4.3072870595306565,2.500511859389454,4.3072870595306565,0.5299145299145299,0.5299145299145299,0.24786324786324787,21.622386608048927,10.120405939491654,2.739467,-0.002133,-1.064533,2.939033,0.22966839130434735
69,punch,95,2.387115001678467,2.6280673894736846,-0.36982450526315797,-1.9918035789473685,3.5001994105263154,2.316828369614948,1.1318008312197623,2.3152864606936387,3.28155623026434,-0.11684492631578938,-0.3646877157894737,-0.9871298421052634,0.5717981999999999,5.992954684210526,6.253797210526316,7.7334602631578955,10.923657789473685,8.750933999999999,6.265334,9.342934,13.849719,1215.3075802582616,-1129.0662540043766,1215.3075802582616,1648.352294091904,492.41885190832227,355.1999273712458,0.7091100215911865,0.7091100215911865,4.975078131578947,4.781312631375902,2.0466769210526317,4.781312631375902,0.4574468085106383,0.4574468085106383,0.20212765957446807,23.020007205835476,11.095564473909949,2.967733,-0.004533,-1.309067,3.243627,0.31522578947368407
70,punch,109,2.7415051460266113,6.420807568807342,-0.45521472477064223,2.3838213027522936,8.736877348623853,4.080907298975373,1.4096811254701558,4.311618166037164,2.8310113726457615,-2.317059431192659,-0.44989401048492794,-2.610832744866755,-1.3279976513761473,14.329333999999998,8.732546285714285,13.73278804761905,10.060342,14.329334,8.7392,13.801867000000001,15.130051,282.45326894763826,-1020.6919607302253,1020.6919607302253,5177.795972413794,1387.8913651277892,391.2173647341309,0.0,0.0,7.67434815909091,4.057257651697337,-2.390526840909091,4.057257651697337,0.5092592592592593,0.6388888888888888,0.1574074074074074,84.3476511969462,9.778203154110203,8.737867,-0.0136,3.945333,9.587291,-0.47758400000000023
71,punch,123,3.096464157104492,7.274413284552844,-0.18710461788617885,2.868546276422764,8.877136869918697,3.0592645338154743,1.0855582126851395,3.327414926654434,1.9965775845100246,-1.4634537154471543,-0.18074903455284558,-1.2828980985772354,-0.7969099217479677,8.7608,8.731511416666667,12.889578375,9.499103791666666,8.7608,9.340266999999999,13.097867,9.590178,456.2998234992071,-4697.570409186008,4697.570409186008,5087.815346816214,201.22947352821996,3538.958555469184,0.26862382888793945,0.26862382888793945,7.689684759999999,2.7255554478748185,-1.984362031666667,2.7255554478748185,0.26229508196721313,0.5081967213114754,0.19672131147540983,82.78988105823785,4.621387474348238,8.737867,-0.0144,4.276267,9.728154,0.054107208333332935
72,punch,119,3.000079870223999,6.004493176470591,-0.670453806722689,2.67721225210084,7.900788168067227,3.496078515784164,2.2370246863407663,3.114127128776422,2.858861971995666,-2.7333738235294103,-0.6582450675922543,-1.5891529652904643,-1.8232286580197288,13.115999999999998,8.725658260869565,13.004499217391306,9.716464826086955,13.116,8.7384,13.328001,13.102496,1980.4131190550331,-559.3889626006737,1980.4131190550331,1241.776479871141,176.83987665151136,3110.5415896483223,0.07729291915893555,0.07729291915893555,7.052367666666666,3.761369935289526,-2.6716491594202894,3.7613699352895256,0.5338983050847458,0.4576271186440678,0.11864406779661017,70.59554545159402,11.497254514347372,8.662401,-0.002133,3.601333,9.381194,-0.34282282608695525
73,punch,136,3.4304428100585938,6.554815860294117,-0.03640581617647059,3.120539227941176,7.641588911764707,3.234607484964914,0.19390166859997854,1.8741139816312495,2.885031771874775,-2.1830511397058805,-0.027171334694989106,-0.9115101794662307,-1.9819836067538124,9.640266999999998,1.8555655185185185,10.124849407407407,9.609964518518519,9.640267,1.865867,10.201067,10.800735,2850.140118105428,-1827.6659732454032,2850.140118105428,4931.5247030684495,44.67380632488307,605.6979246265057,0.024772167205810547,0.024772167205810547,5.901549472727273,3.613629147258905,-3.722023045791245,3.613629147258905,0.5333333333333333,0.4888888888888889,0.15555555555555556,66.71728942113221,12.251667342167753,8.087734,-0.009067,3.512533,8.817563,-0.8060095185185183
74,punch,141,3.5628321170806885,8.37348116312057,-0.006969255319148937,4.571506361702128,9.622140361702128,1.5426313242933787,0.004003091573718754,1.3701636284208052,1.6387183879734712,-0.3643858368794308,0.0018783518237082087,-0.4466839240121572,-0.4543903525835857,9.193333999999998,0.014180607142857144,5.000857285714285,9.210718714285713,9.193334,0.023466,5.323467,9.375011,534.754042232393,-2013.4705833823336,2013.4705833823336,284.04944889865203,43.13893659504133,6236.963726784435,0.024664878845214844,0.024664878845214844,8.900010910714284,2.427695582416094,-1.1765198035714275,2.4276955824160935,0.4928571428571429,0.36428571428571427,0.2714285714285714,95.27098309537952,2.891868547603408,8.737867,-0.001867,5.167733,10.151639,0.07510828571428618
75,punch,108,2.732779026031494,7.143029888888889,-0.005669064814814813,4.061849333333334,8.355882842592592,3.063217921875786,0.0039015789355392374,2.095152747347297,3.387290522149913,-1.5948371111111102,0.0025721732804232797,-1.0293759523809531,-1.75733468121693,9.602933999999998,0.012508238095238095,5.095492285714286,10.082678523809523,9.602934,0.018667,5.692266999999999,10.395567000000002,1872.530976238321,-192.0640457469632,1872.530976238321,2158.2065267433986,18.783483839653304,366.1651376583284,1.499122142791748,1.499122142791748,5.966266162790697,4.1582290291809185,-4.146951361018825,4.1582290291809185,0.6355140186915887,0.4392523364485981,0.12149532710280374,81.29451516057989,14.561962263254442,8.737867,0.000533,5.230933,10.183958,0.07074047619047796
76,punch,121,3.058773994445801,7.1767231322314045,-0.003552603305785124,2.542902479338844,7.766114347107437,2.99519577234155,0.003728957208009047,1.9440339939441553,3.2264017212854545,-1.561143867768595,0.0003917716942148761,-2.5884641873278236,-2.367346694559227,9.4712,0.010877375,5.135099666666667,10.128736041666665,9.4712,0.02,5.259733000000001,10.192131,4155.141035499556,-1688.0576118281097,4155.141035499556,4155.019461470571,13.206541741277508,899.9494981943099,0.0,0.0,5.028331604166667,3.6491615775796404,-5.105129437499999,3.6491615775796404,0.041666666666666664,0.4166666666666667,0.08333333333333333,70.72220011946173,16.013998439354246,8.737867,-0.005333,2.2776,9.029829,-1.1036320416666658
77,punch,81,2.047459125518799,6.02225537037037,-0.268665,2.1066335679012345,9.36114551851852,5.488512870806173,1.1723179374333672,4.749274752445997,2.6833400851272504,-2.7156116296296298,-0.2638150625,-3.2228328070987646,-0.8741571689814805,17.475734,5.3562170625,14.067600375,10.150047687499999,17.475734,8.659467,14.245067,13.384947,5602.614332587291,-304.07356505910747,5602.614332587291,7418.821495117603,5741.622645011602,10315.457633410673,0.15696215629577637,0.15696215629577637,8.423292906250001,4.080616447766359,-1.812009781249999,4.080616447766358,0.55,0.4,0.175,94.83135943133006,7.964464768532436,8.737867,-0.011467,4.375467,9.772162,-0.46314068749999926
78,punch,91,2.28932785987854,7.615024461538463,-0.5793875604395604,5.776756,9.658732296703295,2.7115862058244824,0.6518826270748137,2.4627951561582835,3.4995857240379578,-1.1228425384615384,0.6014569395604394,-0.6776587777777772,-1.274367869963369,9.238934,1.1835114999999998,6.465347777777777,10.797678166666666,9.238934,1.902134,7.896533,11.634585,2319.5239739572335,-9954.268195394518,9954.268195394518,10530.920006178785,198.2893790717785,6312.952432896306,1.2208399772644043,1.2208399772644043,7.203380083333333,4.56362352159501,-3.7297200833333326,4.56362352159501,0.8,0.6111111111111112,0.16666666666666666,105.53820981926961,13.87111370788525,8.737867,-0.007467,7.2896,11.379307,0.4462068333333349
79,punch,140,3.5270519256591797,7.544905042857142,-0.007588578571428571,5.980975235714286,9.6549775,2.9727032962528854,0.016912500189026652,2.3235449047721355,3.703408699358846,-1.1929619571428558,0.007278135714285715,-1.004662942857143,-1.5323460357142846,9.729866999999999,0.1862002857142857,6.997638178571428,11.184248535714284,9.729866999999999,0.20879999999999999,7.345599999999999,11.404471,404.87191002898487,-223.49379763741246,404.87191002898487,295.70677977867086,19.81656672463768,641.4477338854383,0.0,0.0,7.397711321428572,5.078285625730217,-3.789612214285713,5.078285625730217,0.460431654676259,0.6115107913669064,0.26618705035971224,106.93382651999302,16.063320367656065,8.737867,-0.009067,6.783467,11.061909,-0.12541453571428463
80,punch,110,2.776609182357788,8.5855688,0.2843224545454546,5.187054509090908,10.732750027272724,0.9450156990880272,1.1491031341430953,3.8068330477074723,1.4872506187229293,-0.15229819999999827,0.2929164090909091,-1.4831637181818185,-0.2604758818181808,7.112533999999998,5.417393954545455,15.133685227272728,9.360298909090908,7.112534,6.3608,15.601067,11.603204,17054.064656010425,-159.2455371490021,17054.064656010425,16903.274645430618,2083.2165274267104,1778.6390134410426,0.024713993072509766,0.024713993072509766,10.386067818181818,2.2816692311483897,-0.6071580909090898,2.28166923114839,0.6146788990825688,0.5688073394495413,0.21100917431192662,117.40383755081446,2.2797620879006946,8.737867,-0.006933,7.122667,11.273098,0.27987209090909104
